NEATFO|7.0.4|
35005|35012|FUTSTK|AARTIIND|XX|1403965800|-1|XX|0|FUTSTK|AARTIIND|XX|1406385000|-1|XX|0|59660|-1495|1495|-1495|1495|1000|1000|5|1000|1000|5|1|N
35012|35426|FUTSTK|AARTIIND|XX|1406385000|-1|XX|0|FUTSTK|AARTIIND|XX|1409409000|-1|XX|0|60065|-1505|1505|-1505|1505|1000|1000|5|1000|1000|5|1|N
35013|35479|FUTSTK|ABB|XX|1406385000|-1|XX|0|FUTSTK|ABB|XX|1409409000|-1|XX|0|773345|-19335|19335|-19335|19335|125|125|5|125|125|5|1|N
35028|35013|FUTSTK|ABB|XX|1403965800|-1|XX|0|FUTSTK|ABB|XX|1406385000|-1|XX|0|767715|-19195|19195|-19195|19195|125|125|5|125|125|5|1|N
35014|35480|FUTSTK|ABBOTINDIA|XX|1406385000|-1|XX|0|FUTSTK|ABBOTINDIA|XX|1409409000|-1|XX|0|2623100|-65580|65580|-65580|65580|20|20|5|20|20|5|1|N
35029|35014|FUTSTK|ABBOTINDIA|XX|1403965800|-1|XX|0|FUTSTK|ABBOTINDIA|XX|1406385000|-1|XX|0|2640840|-66025|66025|-66025|66025|20|20|5|20|20|5|1|N
35015|35513|FUTSTK|ABCAPITAL|XX|1406385000|-1|XX|0|FUTSTK|ABCAPITAL|XX|1409409000|-1|XX|0|20875|-525|525|-525|525|5400|5400|5|5400|5400|5|1|N
35030|35015|FUTSTK|ABCAPITAL|XX|1403965800|-1|XX|0|FUTSTK|ABCAPITAL|XX|1406385000|-1|XX|0|20705|-520|520|-520|520|5400|5400|5|5400|5400|5|1|N
35016|35516|FUTSTK|ABFRL|XX|1406385000|-1|XX|0|FUTSTK|ABFRL|XX|1409409000|-1|XX|0|26315|-660|660|-660|660|2600|2600|5|2600|2600|5|1|N
35031|35016|FUTSTK|ABFRL|XX|1403965800|-1|XX|0|FUTSTK|ABFRL|XX|1406385000|-1|XX|0|26510|-665|665|-665|665|2600|2600|5|2600|2600|5|1|N
35017|35517|FUTSTK|ACC|XX|1406385000|-1|XX|0|FUTSTK|ACC|XX|1409409000|-1|XX|0|230125|-5755|5755|-5755|5755|300|300|5|300|300|5|1|N
35047|35017|FUTSTK|ACC|XX|1403965800|-1|XX|0|FUTSTK|ACC|XX|1406385000|-1|XX|0|228220|-5705|5705|-5705|5705|300|300|5|300|300|5|1|N
35018|35522|FUTSTK|ADANIENT|XX|1406385000|-1|XX|0|FUTSTK|ADANIENT|XX|1409409000|-1|XX|0|297050|-7430|7430|-7430|7430|300|300|5|300|300|5|1|N
35048|35018|FUTSTK|ADANIENT|XX|1403965800|-1|XX|0|FUTSTK|ADANIENT|XX|1406385000|-1|XX|0|294585|-7365|7365|-7365|7365|300|300|5|300|300|5|1|N
35019|35551|FUTSTK|ADANIPORTS|XX|1406385000|-1|XX|0|FUTSTK|ADANIPORTS|XX|1409409000|-1|XX|0|125755|-3145|3145|-3145|3145|400|400|5|400|400|5|1|N
35074|35019|FUTSTK|ADANIPORTS|XX|1403965800|-1|XX|0|FUTSTK|ADANIPORTS|XX|1406385000|-1|XX|0|124715|-3120|3120|-3120|3120|400|400|5|400|400|5|1|N
35026|35552|FUTSTK|ALKEM|XX|1406385000|-1|XX|0|FUTSTK|ALKEM|XX|1409409000|-1|XX|0|473490|-11840|11840|-11840|11840|100|100|5|100|100|5|1|N
35076|35026|FUTSTK|ALKEM|XX|1403965800|-1|XX|0|FUTSTK|ALKEM|XX|1406385000|-1|XX|0|471305|-11785|11785|-11785|11785|100|100|5|100|100|5|1|N
35027|35553|FUTSTK|AMBUJACEM|XX|1406385000|-1|XX|0|FUTSTK|AMBUJACEM|XX|1409409000|-1|XX|0|56080|-1405|1405|-1405|1405|900|900|5|900|900|5|1|N
35200|35027|FUTSTK|AMBUJACEM|XX|1403965800|-1|XX|0|FUTSTK|AMBUJACEM|XX|1406385000|-1|XX|0|55730|-1395|1395|-1395|1395|900|900|5|900|900|5|1|N
35032|35554|FUTSTK|APOLLOHOSP|XX|1406385000|-1|XX|0|FUTSTK|APOLLOHOSP|XX|1409409000|-1|XX|0|589900|-14750|14750|-14750|14750|125|125|5|125|125|5|1|N
35201|35032|FUTSTK|APOLLOHOSP|XX|1403965800|-1|XX|0|FUTSTK|APOLLOHOSP|XX|1406385000|-1|XX|0|585515|-14640|14640|-14640|14640|125|125|5|125|125|5|1|N
35033|35555|FUTSTK|APOLLOTYRE|XX|1406385000|-1|XX|0|FUTSTK|APOLLOTYRE|XX|1409409000|-1|XX|0|45015|-1125|1125|-1125|1125|1700|1700|5|1700|1700|5|1|N
35203|35033|FUTSTK|APOLLOTYRE|XX|1403965800|-1|XX|0|FUTSTK|APOLLOTYRE|XX|1406385000|-1|XX|0|45280|-1135|1135|-1135|1135|1700|1700|5|1700|1700|5|1|N
35050|35556|FUTSTK|ASHOKLEY|XX|1406385000|-1|XX|0|FUTSTK|ASHOKLEY|XX|1409409000|-1|XX|0|20940|-525|525|-525|525|5000|5000|5|5000|5000|5|1|N
35210|35050|FUTSTK|ASHOKLEY|XX|1403965800|-1|XX|0|FUTSTK|ASHOKLEY|XX|1406385000|-1|XX|0|20815|-520|520|-520|520|5000|5000|5|5000|5000|5|1|N
35142|35565|FUTSTK|ASIANPAINT|XX|1406385000|-1|XX|0|FUTSTK|ASIANPAINT|XX|1409409000|-1|XX|0|286240|-7160|7160|-7160|7160|200|200|5|200|200|5|1|N
35213|35142|FUTSTK|ASIANPAINT|XX|1403965800|-1|XX|0|FUTSTK|ASIANPAINT|XX|1406385000|-1|XX|0|284165|-7105|7105|-7105|7105|200|200|5|200|200|5|1|N
35143|35570|FUTSTK|ASTRAL|XX|1406385000|-1|XX|0|FUTSTK|ASTRAL|XX|1409409000|-1|XX|0|202900|-5075|5075|-5075|5075|367|367|5|367|367|5|1|N
35216|35143|FUTSTK|ASTRAL|XX|1403965800|-1|XX|0|FUTSTK|ASTRAL|XX|1406385000|-1|XX|0|202125|-5055|5055|-5055|5055|367|367|5|367|367|5|1|N
35185|35573|FUTSTK|ATUL|XX|1406385000|-1|XX|0|FUTSTK|ATUL|XX|1409409000|-1|XX|0|552180|-13805|13805|-13805|13805|100|100|5|100|100|5|1|N
35190|35574|FUTSTK|AUBANK|XX|1406385000|-1|XX|0|FUTSTK|AUBANK|XX|1409409000|-1|XX|0|61925|-1550|1550|-1550|1550|1000|1000|5|1000|1000|5|1|N
35232|35190|FUTSTK|AUBANK|XX|1403965800|-1|XX|0|FUTSTK|AUBANK|XX|1406385000|-1|XX|0|62305|-1560|1560|-1560|1560|1000|1000|5|1000|1000|5|1|N
35191|35595|FUTSTK|AUROPHARMA|XX|1406385000|-1|XX|0|FUTSTK|AUROPHARMA|XX|1409409000|-1|XX|0|121065|-3030|3030|-3030|3030|550|550|5|550|550|5|1|N
36611|35191|FUTSTK|AUROPHARMA|XX|1403965800|-1|XX|0|FUTSTK|AUROPHARMA|XX|1406385000|-1|XX|0|120145|-3005|3005|-3005|3005|550|550|5|550|550|5|1|N
35192|35602|FUTSTK|AXISBANK|XX|1406385000|-1|XX|0|FUTSTK|AXISBANK|XX|1409409000|-1|XX|0|114020|-2850|2850|-2850|2850|625|625|5|625|625|5|1|N
38079|35192|FUTSTK|AXISBANK|XX|1403965800|-1|XX|0|FUTSTK|AXISBANK|XX|1406385000|-1|XX|0|113340|-2835|2835|-2835|2835|625|625|5|625|625|5|1|N
35193|35603|FUTSTK|BAJAJ-AUTO|XX|1406385000|-1|XX|0|FUTSTK|BAJAJ-AUTO|XX|1409409000|-1|XX|0|923805|-23095|23095|-23095|23095|75|75|5|75|75|5|1|N
35195|35604|FUTSTK|BAJAJFINSV|XX|1406385000|-1|XX|0|FUTSTK|BAJAJFINSV|XX|1409409000|-1|XX|0|149065|-3730|3730|-3730|3730|500|500|5|500|500|5|1|N
38411|35195|FUTSTK|BAJAJFINSV|XX|1403965800|-1|XX|0|FUTSTK|BAJAJFINSV|XX|1406385000|-1|XX|0|147795|-3695|3695|-3695|3695|500|500|5|500|500|5|1|N
35302|35613|FUTSTK|BAJFINANCE|XX|1406385000|-1|XX|0|FUTSTK|BAJFINANCE|XX|1409409000|-1|XX|0|654025|-16350|16350|-16350|16350|125|125|5|125|125|5|1|N
38412|35302|FUTSTK|BAJFINANCE|XX|1403965800|-1|XX|0|FUTSTK|BAJFINANCE|XX|1406385000|-1|XX|0|649050|-16230|16230|-16230|16230|125|125|5|125|125|5|1|N
35303|35614|FUTSTK|BALKRISIND|XX|1406385000|-1|XX|0|FUTSTK|BALKRISIND|XX|1409409000|-1|XX|0|291470|-7290|7290|-7290|7290|300|300|5|300|300|5|1|N
38605|35303|FUTSTK|BALKRISIND|XX|1403965800|-1|XX|0|FUTSTK|BALKRISIND|XX|1406385000|-1|XX|0|290935|-7275|7275|-7275|7275|300|300|5|300|300|5|1|N
35338|35615|FUTSTK|BALRAMCHIN|XX|1406385000|-1|XX|0|FUTSTK|BALRAMCHIN|XX|1409409000|-1|XX|0|36720|-920|920|-920|920|1600|1600|5|1600|1600|5|1|N
38621|35338|FUTSTK|BALRAMCHIN|XX|1403965800|-1|XX|0|FUTSTK|BALRAMCHIN|XX|1406385000|-1|XX|0|36400|-910|910|-910|910|1600|1600|5|1600|1600|5|1|N
35341|35616|FUTSTK|BANDHANBNK|XX|1406385000|-1|XX|0|FUTSTK|BANDHANBNK|XX|1409409000|-1|XX|0|17980|-450|450|-450|450|2800|2800|5|2800|2800|5|1|N
35399|35617|FUTSTK|BANKBARODA|XX|1406385000|-1|XX|0|FUTSTK|BANKBARODA|XX|1409409000|-1|XX|0|25080|-630|630|-630|630|2925|2925|5|2925|2925|5|1|N
39140|35399|FUTSTK|BANKBARODA|XX|1403965800|-1|XX|0|FUTSTK|BANKBARODA|XX|1406385000|-1|XX|0|24875|-625|625|-625|625|2925|2925|5|2925|2925|5|1|N
35020|35089|FUTIDX|BANKNIFTY|XX|1403879400|-1|XX|0|FUTIDX|BANKNIFTY|XX|1409322600|-1|XX|0|4708855|-94180|94180|-94180|94180|15|15|5|15|15|5|1|N
35020|35165|FUTIDX|BANKNIFTY|XX|1403879400|-1|XX|0|FUTIDX|BANKNIFTY|XX|1406903400|-1|XX|0|4708855|-94180|94180|-94180|94180|15|15|5|15|15|5|1|N
35165|35089|FUTIDX|BANKNIFTY|XX|1406903400|-1|XX|0|FUTIDX|BANKNIFTY|XX|1409322600|-1|XX|0|4739230|-94785|94785|-94785|94785|15|15|5|15|15|5|1|N
35402|35618|FUTSTK|BATAINDIA|XX|1406385000|-1|XX|0|FUTSTK|BATAINDIA|XX|1409409000|-1|XX|0|134595|-3365|3365|-3365|3365|375|375|5|375|375|5|1|N
39797|35402|FUTSTK|BATAINDIA|XX|1403965800|-1|XX|0|FUTSTK|BATAINDIA|XX|1406385000|-1|XX|0|133910|-3350|3350|-3350|3350|375|375|5|375|375|5|1|N
35403|35645|FUTSTK|BEL|XX|1406385000|-1|XX|0|FUTSTK|BEL|XX|1409409000|-1|XX|0|25830|-645|645|-645|645|2850|2850|5|2850|2850|5|1|N
39798|35403|FUTSTK|BEL|XX|1403965800|-1|XX|0|FUTSTK|BEL|XX|1406385000|-1|XX|0|25640|-645|645|-645|645|2850|2850|5|2850|2850|5|1|N
35414|35646|FUTSTK|BERGEPAINT|XX|1406385000|-1|XX|0|FUTSTK|BERGEPAINT|XX|1409409000|-1|XX|0|45710|-1145|1145|-1145|1145|1320|1320|5|1320|1320|5|1|N
40394|35414|FUTSTK|BERGEPAINT|XX|1403965800|-1|XX|0|FUTSTK|BERGEPAINT|XX|1406385000|-1|XX|0|45765|-1145|1145|-1145|1145|1320|1320|5|1320|1320|5|1|N
35487|36345|FUTSTK|BHARATFORG|XX|1406385000|-1|XX|0|FUTSTK|BHARATFORG|XX|1409409000|-1|XX|0|145420|-3635|3635|-3635|3635|500|500|5|500|500|5|1|N
40395|35487|FUTSTK|BHARATFORG|XX|1403965800|-1|XX|0|FUTSTK|BHARATFORG|XX|1406385000|-1|XX|0|145210|-3630|3630|-3630|3630|500|500|5|500|500|5|1|N
35492|36347|FUTSTK|BHARTIARTL|XX|1406385000|-1|XX|0|FUTSTK|BHARTIARTL|XX|1409409000|-1|XX|0|130805|-3270|3270|-3270|3270|475|475|5|475|475|5|1|N
40396|35492|FUTSTK|BHARTIARTL|XX|1403965800|-1|XX|0|FUTSTK|BHARTIARTL|XX|1406385000|-1|XX|0|130115|-3255|3255|-3255|3255|475|475|5|475|475|5|1|N
35493|36368|FUTSTK|BHEL|XX|1406385000|-1|XX|0|FUTSTK|BHEL|XX|1409409000|-1|XX|0|24850|-625|625|-625|625|2625|2625|5|2625|2625|5|1|N
40402|35493|FUTSTK|BHEL|XX|1403965800|-1|XX|0|FUTSTK|BHEL|XX|1406385000|-1|XX|0|24705|-620|620|-620|620|2625|2625|5|2625|2625|5|1|N
35494|36369|FUTSTK|BIOCON|XX|1406385000|-1|XX|0|FUTSTK|BIOCON|XX|1409409000|-1|XX|0|29345|-735|735|-735|735|2500|2500|5|2500|2500|5|1|N
40404|35494|FUTSTK|BIOCON|XX|1403965800|-1|XX|0|FUTSTK|BIOCON|XX|1406385000|-1|XX|0|29150|-730|730|-730|730|2500|2500|5|2500|2500|5|1|N
35495|36380|FUTSTK|BOSCHLTD|XX|1406385000|-1|XX|0|FUTSTK|BOSCHLTD|XX|1409409000|-1|XX|0|2824370|-70610|70610|-70610|70610|25|25|5|25|25|5|1|N
40405|35495|FUTSTK|BOSCHLTD|XX|1403965800|-1|XX|0|FUTSTK|BOSCHLTD|XX|1406385000|-1|XX|0|2844480|-71115|71115|-71115|71115|25|25|5|25|25|5|1|N
35496|36381|FUTSTK|BPCL|XX|1406385000|-1|XX|0|FUTSTK|BPCL|XX|1409409000|-1|XX|0|58610|-1465|1465|-1465|1465|900|900|5|900|900|5|1|N
41222|35496|FUTSTK|BPCL|XX|1403965800|-1|XX|0|FUTSTK|BPCL|XX|1406385000|-1|XX|0|58210|-1455|1455|-1455|1455|900|900|5|900|900|5|1|N
35549|36457|FUTSTK|BRITANNIA|XX|1406385000|-1|XX|0|FUTSTK|BRITANNIA|XX|1409409000|-1|XX|0|536965|-13425|13425|-13425|13425|200|200|5|200|200|5|1|N
41223|35549|FUTSTK|BRITANNIA|XX|1403965800|-1|XX|0|FUTSTK|BRITANNIA|XX|1406385000|-1|XX|0|533570|-13340|13340|-13340|13340|200|200|5|200|200|5|1|N
35550|36727|FUTSTK|BSOFT|XX|1406385000|-1|XX|0|FUTSTK|BSOFT|XX|1409409000|-1|XX|0|60345|-1510|1510|-1510|1510|1000|1000|5|1000|1000|5|1|N
41230|35550|FUTSTK|BSOFT|XX|1403965800|-1|XX|0|FUTSTK|BSOFT|XX|1406385000|-1|XX|0|60135|-1505|1505|-1505|1505|1000|1000|5|1000|1000|5|1|N
35649|36728|FUTSTK|CANBK|XX|1406385000|-1|XX|0|FUTSTK|CANBK|XX|1409409000|-1|XX|0|11070|-280|280|-280|280|6750|6750|5|6750|6750|5|1|N
41235|35649|FUTSTK|CANBK|XX|1403965800|-1|XX|0|FUTSTK|CANBK|XX|1406385000|-1|XX|0|10980|-275|275|-275|275|6750|6750|5|6750|6750|5|1|N
35650|37014|FUTSTK|CANFINHOME|XX|1406385000|-1|XX|0|FUTSTK|CANFINHOME|XX|1409409000|-1|XX|0|69425|-1735|1735|-1735|1735|975|975|5|975|975|5|1|N
42084|35650|FUTSTK|CANFINHOME|XX|1403965800|-1|XX|0|FUTSTK|CANFINHOME|XX|1406385000|-1|XX|0|69670|-1745|1745|-1745|1745|975|975|5|975|975|5|1|N
35651|40614|FUTSTK|CHAMBLFERT|XX|1406385000|-1|XX|0|FUTSTK|CHAMBLFERT|XX|1409409000|-1|XX|0|35635|-890|890|-890|890|1900|1900|5|1900|1900|5|1|N
42085|35651|FUTSTK|CHAMBLFERT|XX|1403965800|-1|XX|0|FUTSTK|CHAMBLFERT|XX|1406385000|-1|XX|0|35400|-885|885|-885|885|1900|1900|5|1900|1900|5|1|N
35652|40624|FUTSTK|CHOLAFIN|XX|1406385000|-1|XX|0|FUTSTK|CHOLAFIN|XX|1409409000|-1|XX|0|124145|-3105|3105|-3105|3105|625|625|5|625|625|5|1|N
42088|35652|FUTSTK|CHOLAFIN|XX|1403965800|-1|XX|0|FUTSTK|CHOLAFIN|XX|1406385000|-1|XX|0|123230|-3080|3080|-3080|3080|625|625|5|625|625|5|1|N
35657|40719|FUTSTK|CIPLA|XX|1406385000|-1|XX|0|FUTSTK|CIPLA|XX|1409409000|-1|XX|0|147380|-3685|3685|-3685|3685|650|650|5|650|650|5|1|N
42089|35657|FUTSTK|CIPLA|XX|1403965800|-1|XX|0|FUTSTK|CIPLA|XX|1406385000|-1|XX|0|146455|-3665|3665|-3665|3665|650|650|5|650|650|5|1|N
35660|40720|FUTSTK|COALINDIA|XX|1406385000|-1|XX|0|FUTSTK|COALINDIA|XX|1409409000|-1|XX|0|44500|-1115|1115|-1115|1115|2100|2100|5|2100|2100|5|1|N
42090|35660|FUTSTK|COALINDIA|XX|1403965800|-1|XX|0|FUTSTK|COALINDIA|XX|1406385000|-1|XX|0|44255|-1110|1110|-1110|1110|2100|2100|5|2100|2100|5|1|N
40171|42249|FUTSTK|COFORGE|XX|1406385000|-1|XX|0|FUTSTK|COFORGE|XX|1409409000|-1|XX|0|502075|-12555|12555|-12555|12555|150|150|5|150|150|5|1|N
42092|40171|FUTSTK|COFORGE|XX|1403965800|-1|XX|0|FUTSTK|COFORGE|XX|1406385000|-1|XX|0|497760|-12445|12445|-12445|12445|150|150|5|150|150|5|1|N
40172|42250|FUTSTK|COLPAL|XX|1406385000|-1|XX|0|FUTSTK|COLPAL|XX|1409409000|-1|XX|0|283150|-7080|7080|-7080|7080|350|350|5|350|350|5|1|N
42099|40172|FUTSTK|COLPAL|XX|1403965800|-1|XX|0|FUTSTK|COLPAL|XX|1406385000|-1|XX|0|281895|-7050|7050|-7050|7050|350|350|5|350|350|5|1|N
40173|42251|FUTSTK|CONCOR|XX|1406385000|-1|XX|0|FUTSTK|CONCOR|XX|1409409000|-1|XX|0|95725|-2395|2395|-2395|2395|1000|1000|5|1000|1000|5|1|N
42100|40173|FUTSTK|CONCOR|XX|1403965800|-1|XX|0|FUTSTK|CONCOR|XX|1406385000|-1|XX|0|94890|-2375|2375|-2375|2375|1000|1000|5|1000|1000|5|1|N
40174|42252|FUTSTK|COROMANDEL|XX|1406385000|-1|XX|0|FUTSTK|COROMANDEL|XX|1409409000|-1|XX|0|126485|-3165|3165|-3165|3165|700|700|5|700|700|5|1|N
42101|40174|FUTSTK|COROMANDEL|XX|1403965800|-1|XX|0|FUTSTK|COROMANDEL|XX|1406385000|-1|XX|0|127470|-3190|3190|-3190|3190|700|700|5|700|700|5|1|N
40175|42253|FUTSTK|CROMPTON|XX|1406385000|-1|XX|0|FUTSTK|CROMPTON|XX|1409409000|-1|XX|0|37850|-950|950|-950|950|1800|1800|5|1800|1800|5|1|N
42102|40175|FUTSTK|CROMPTON|XX|1403965800|-1|XX|0|FUTSTK|CROMPTON|XX|1406385000|-1|XX|0|37815|-945|945|-945|945|1800|1800|5|1800|1800|5|1|N
40176|42255|FUTSTK|CUB|XX|1406385000|-1|XX|0|FUTSTK|CUB|XX|1409409000|-1|XX|0|13690|-345|345|-345|345|5000|5000|5|5000|5000|5|1|N
42106|40176|FUTSTK|CUB|XX|1403965800|-1|XX|0|FUTSTK|CUB|XX|1406385000|-1|XX|0|13580|-340|340|-340|340|5000|5000|5|5000|5000|5|1|N
40177|42256|FUTSTK|CUMMINSIND|XX|1406385000|-1|XX|0|FUTSTK|CUMMINSIND|XX|1409409000|-1|XX|0|326475|-8165|8165|-8165|8165|300|300|5|300|300|5|1|N
42107|40177|FUTSTK|CUMMINSIND|XX|1403965800|-1|XX|0|FUTSTK|CUMMINSIND|XX|1406385000|-1|XX|0|326175|-8155|8155|-8155|8155|300|300|5|300|300|5|1|N
40178|42259|FUTSTK|DABUR|XX|1406385000|-1|XX|0|FUTSTK|DABUR|XX|1409409000|-1|XX|0|58265|-1460|1460|-1460|1460|1250|1250|5|1250|1250|5|1|N
42111|40178|FUTSTK|DABUR|XX|1403965800|-1|XX|0|FUTSTK|DABUR|XX|1406385000|-1|XX|0|58045|-1455|1455|-1455|1455|1250|1250|5|1250|1250|5|1|N
40179|46837|FUTSTK|DALBHARAT|XX|1406385000|-1|XX|0|FUTSTK|DALBHARAT|XX|1409409000|-1|XX|0|170955|-4275|4275|-4275|4275|275|275|5|275|275|5|1|N
40180|46838|FUTSTK|DEEPAKNTR|XX|1406385000|-1|XX|0|FUTSTK|DEEPAKNTR|XX|1409409000|-1|XX|0|216305|-5410|5410|-5410|5410|300|300|5|300|300|5|1|N
42113|40180|FUTSTK|DEEPAKNTR|XX|1403965800|-1|XX|0|FUTSTK|DEEPAKNTR|XX|1406385000|-1|XX|0|214965|-5375|5375|-5375|5375|300|300|5|300|300|5|1|N
40610|46839|FUTSTK|DIVISLAB|XX|1406385000|-1|XX|0|FUTSTK|DIVISLAB|XX|1409409000|-1|XX|0|435870|-10900|10900|-10900|10900|200|200|5|200|200|5|1|N
42114|40610|FUTSTK|DIVISLAB|XX|1403965800|-1|XX|0|FUTSTK|DIVISLAB|XX|1406385000|-1|XX|0|433340|-10835|10835|-10835|10835|200|200|5|200|200|5|1|N
40613|46840|FUTSTK|DIXON|XX|1406385000|-1|XX|0|FUTSTK|DIXON|XX|1409409000|-1|XX|0|897340|-22435|22435|-22435|22435|100|100|5|100|100|5|1|N
42116|40613|FUTSTK|DIXON|XX|1403965800|-1|XX|0|FUTSTK|DIXON|XX|1406385000|-1|XX|0|890095|-22255|22255|-22255|22255|100|100|5|100|100|5|1|N
40698|46843|FUTSTK|DLF|XX|1406385000|-1|XX|0|FUTSTK|DLF|XX|1409409000|-1|XX|0|77030|-1925|1925|-1925|1925|825|825|5|825|825|5|1|N
42117|40698|FUTSTK|DLF|XX|1403965800|-1|XX|0|FUTSTK|DLF|XX|1406385000|-1|XX|0|76515|-1915|1915|-1915|1915|825|825|5|825|825|5|1|N
40702|46844|FUTSTK|DRREDDY|XX|1406385000|-1|XX|0|FUTSTK|DRREDDY|XX|1409409000|-1|XX|0|575615|-14390|14390|-14390|14390|125|125|5|125|125|5|1|N
42118|40702|FUTSTK|DRREDDY|XX|1403965800|-1|XX|0|FUTSTK|DRREDDY|XX|1406385000|-1|XX|0|575430|-14385|14385|-14385|14385|125|125|5|125|125|5|1|N
42119|46820|FUTSTK|EICHERMOT|XX|1403965800|-1|XX|0|FUTSTK|EICHERMOT|XX|1406385000|-1|XX|0|450855|-11275|11275|-11275|11275|175|175|5|175|175|5|1|N
46820|46845|FUTSTK|EICHERMOT|XX|1406385000|-1|XX|0|FUTSTK|EICHERMOT|XX|1409409000|-1|XX|0|454330|-11360|11360|-11360|11360|175|175|5|175|175|5|1|N
42120|46821|FUTSTK|ESCORTS|XX|1403965800|-1|XX|0|FUTSTK|ESCORTS|XX|1406385000|-1|XX|0|379765|-9495|9495|-9495|9495|275|275|5|275|275|5|1|N
46821|46846|FUTSTK|ESCORTS|XX|1406385000|-1|XX|0|FUTSTK|ESCORTS|XX|1409409000|-1|XX|0|382565|-9565|9565|-9565|9565|275|275|5|275|275|5|1|N
42122|46823|FUTSTK|EXIDEIND|XX|1403965800|-1|XX|0|FUTSTK|EXIDEIND|XX|1406385000|-1|XX|0|45740|-1145|1145|-1145|1145|1800|1800|5|1800|1800|5|1|N
46823|46857|FUTSTK|EXIDEIND|XX|1406385000|-1|XX|0|FUTSTK|EXIDEIND|XX|1409409000|-1|XX|0|45940|-1150|1150|-1150|1150|1800|1800|5|1800|1800|5|1|N
42124|46832|FUTSTK|FEDERALBNK|XX|1403965800|-1|XX|0|FUTSTK|FEDERALBNK|XX|1406385000|-1|XX|0|15485|-390|390|-390|390|5000|5000|5|5000|5000|5|1|N
46832|46858|FUTSTK|FEDERALBNK|XX|1406385000|-1|XX|0|FUTSTK|FEDERALBNK|XX|1409409000|-1|XX|0|15555|-390|390|-390|390|5000|5000|5|5000|5000|5|1|N
35006|35073|FUTIDX|FINNIFTY|XX|1406817000|-1|XX|0|FUTIDX|FINNIFTY|XX|1409236200|-1|XX|0|2111730|-42235|42235|-42235|42235|25|25|5|25|25|5|1|N
42126|46833|FUTSTK|GAIL|XX|1403965800|-1|XX|0|FUTSTK|GAIL|XX|1406385000|-1|XX|0|19085|-480|480|-480|480|4575|4575|5|4575|4575|5|1|N
46833|46859|FUTSTK|GAIL|XX|1406385000|-1|XX|0|FUTSTK|GAIL|XX|1409409000|-1|XX|0|19220|-480|480|-480|480|4575|4575|5|4575|4575|5|1|N
42127|46834|FUTSTK|GLENMARK|XX|1403965800|-1|XX|0|FUTSTK|GLENMARK|XX|1406385000|-1|XX|0|112620|-2815|2815|-2815|2815|725|725|5|725|725|5|1|N
46834|46860|FUTSTK|GLENMARK|XX|1406385000|-1|XX|0|FUTSTK|GLENMARK|XX|1409409000|-1|XX|0|113360|-2835|2835|-2835|2835|725|725|5|725|725|5|1|N
42130|46835|FUTSTK|GMRINFRA|XX|1403965800|-1|XX|0|FUTSTK|GMRINFRA|XX|1406385000|-1|XX|0|7660|-195|195|-195|195|11250|11250|5|11250|11250|5|1|N
46835|46923|FUTSTK|GMRINFRA|XX|1406385000|-1|XX|0|FUTSTK|GMRINFRA|XX|1409409000|-1|XX|0|7735|-195|195|-195|195|11250|11250|5|11250|11250|5|1|N
42131|46836|FUTSTK|GNFC|XX|1403965800|-1|XX|0|FUTSTK|GNFC|XX|1406385000|-1|XX|0|61630|-1540|1540|-1540|1540|1300|1300|5|1300|1300|5|1|N
46836|48594|FUTSTK|GNFC|XX|1406385000|-1|XX|0|FUTSTK|GNFC|XX|1409409000|-1|XX|0|62095|-1555|1555|-1555|1555|1300|1300|5|1300|1300|5|1|N
42135|48588|FUTSTK|GODREJCP|XX|1403965800|-1|XX|0|FUTSTK|GODREJCP|XX|1406385000|-1|XX|0|135130|-3380|3380|-3380|3380|500|500|5|500|500|5|1|N
48588|48595|FUTSTK|GODREJCP|XX|1406385000|-1|XX|0|FUTSTK|GODREJCP|XX|1409409000|-1|XX|0|136040|-3405|3405|-3405|3405|500|500|5|500|500|5|1|N
48589|51385|FUTSTK|GODREJPROP|XX|1406385000|-1|XX|0|FUTSTK|GODREJPROP|XX|1409409000|-1|XX|0|259325|-6485|6485|-6485|6485|225|225|5|225|225|5|1|N
42146|49889|FUTSTK|GRANULES|XX|1403965800|-1|XX|0|FUTSTK|GRANULES|XX|1406385000|-1|XX|0|41385|-1035|1035|-1035|1035|2000|2000|5|2000|2000|5|1|N
49889|51386|FUTSTK|GRANULES|XX|1406385000|-1|XX|0|FUTSTK|GRANULES|XX|1409409000|-1|XX|0|41670|-1045|1045|-1045|1045|2000|2000|5|2000|2000|5|1|N
49890|56419|FUTSTK|GRASIM|XX|1406385000|-1|XX|0|FUTSTK|GRASIM|XX|1409409000|-1|XX|0|227680|-5695|5695|-5695|5695|250|250|5|250|250|5|1|N
42149|49900|FUTSTK|GUJGASLTD|XX|1403965800|-1|XX|0|FUTSTK|GUJGASLTD|XX|1406385000|-1|XX|0|50840|-2065|480|-2065|480|1250|1250|5|1250|1250|5|1|N
49900|56420|FUTSTK|GUJGASLTD|XX|1406385000|-1|XX|0|FUTSTK|GUJGASLTD|XX|1409409000|-1|XX|0|50050|-1255|1255|-1255|1255|1250|1250|5|1250|1250|5|1|N
42470|49901|FUTSTK|HAL|XX|1403965800|-1|XX|0|FUTSTK|HAL|XX|1406385000|-1|XX|0|435240|-10885|10885|-10885|10885|300|300|5|300|300|5|1|N
49901|56421|FUTSTK|HAL|XX|1406385000|-1|XX|0|FUTSTK|HAL|XX|1409409000|-1|XX|0|438475|-10965|10965|-10965|10965|300|300|5|300|300|5|1|N
42471|49908|FUTSTK|HAVELLS|XX|1403965800|-1|XX|0|FUTSTK|HAVELLS|XX|1406385000|-1|XX|0|177645|-4445|4445|-4445|4445|500|500|5|500|500|5|1|N
49908|56423|FUTSTK|HAVELLS|XX|1406385000|-1|XX|0|FUTSTK|HAVELLS|XX|1409409000|-1|XX|0|178320|-4460|4460|-4460|4460|500|500|5|500|500|5|1|N
42826|49909|FUTSTK|HCLTECH|XX|1403965800|-1|XX|0|FUTSTK|HCLTECH|XX|1406385000|-1|XX|0|130955|-3275|3275|-3275|3275|350|350|5|350|350|5|1|N
49909|56424|FUTSTK|HCLTECH|XX|1406385000|-1|XX|0|FUTSTK|HCLTECH|XX|1409409000|-1|XX|0|130645|-3270|3270|-3270|3270|350|350|5|350|350|5|1|N
42834|51753|FUTSTK|HDFCAMC|XX|1403965800|-1|XX|0|FUTSTK|HDFCAMC|XX|1406385000|-1|XX|0|338895|-8475|8475|-8475|8475|150|150|5|150|150|5|1|N
51753|56425|FUTSTK|HDFCAMC|XX|1406385000|-1|XX|0|FUTSTK|HDFCAMC|XX|1409409000|-1|XX|0|339255|-8485|8485|-8485|8485|150|150|5|150|150|5|1|N
44191|51754|FUTSTK|HDFCBANK|XX|1403965800|-1|XX|0|FUTSTK|HDFCBANK|XX|1406385000|-1|XX|0|148785|-3720|3720|-3720|3720|550|550|5|550|550|5|1|N
51754|56426|FUTSTK|HDFCBANK|XX|1406385000|-1|XX|0|FUTSTK|HDFCBANK|XX|1409409000|-1|XX|0|149850|-3750|3750|-3750|3750|550|550|5|550|550|5|1|N
44192|51770|FUTSTK|HDFCLIFE|XX|1403965800|-1|XX|0|FUTSTK|HDFCLIFE|XX|1406385000|-1|XX|0|53290|-1335|1335|-1335|1335|1100|1100|5|1100|1100|5|1|N
51770|56427|FUTSTK|HDFCLIFE|XX|1406385000|-1|XX|0|FUTSTK|HDFCLIFE|XX|1409409000|-1|XX|0|53660|-1345|1345|-1345|1345|1100|1100|5|1100|1100|5|1|N
44193|51772|FUTSTK|HEROMOTOCO|XX|1403965800|-1|XX|0|FUTSTK|HEROMOTOCO|XX|1406385000|-1|XX|0|533205|-13330|13330|-13330|13330|150|150|5|150|150|5|1|N
51772|56428|FUTSTK|HEROMOTOCO|XX|1406385000|-1|XX|0|FUTSTK|HEROMOTOCO|XX|1409409000|-1|XX|0|536470|-13415|13415|-13415|13415|150|150|5|150|150|5|1|N
44194|51777|FUTSTK|HINDALCO|XX|1403965800|-1|XX|0|FUTSTK|HINDALCO|XX|1406385000|-1|XX|0|64930|-1625|1625|-1625|1625|1400|1400|5|1400|1400|5|1|N
51777|56429|FUTSTK|HINDALCO|XX|1406385000|-1|XX|0|FUTSTK|HINDALCO|XX|1409409000|-1|XX|0|65285|-1635|1635|-1635|1635|1400|1400|5|1400|1400|5|1|N
45185|51778|FUTSTK|HINDCOPPER|XX|1403965800|-1|XX|0|FUTSTK|HINDCOPPER|XX|1406385000|-1|XX|0|29930|-750|750|-750|750|2650|2650|5|2650|2650|5|1|N
51778|56430|FUTSTK|HINDCOPPER|XX|1406385000|-1|XX|0|FUTSTK|HINDCOPPER|XX|1409409000|-1|XX|0|30210|-755|755|-755|755|2650|2650|5|2650|2650|5|1|N
45186|52220|FUTSTK|HINDPETRO|XX|1403965800|-1|XX|0|FUTSTK|HINDPETRO|XX|1406385000|-1|XX|0|49510|-1240|1240|-1240|1240|1350|1350|5|1350|1350|5|1|N
52220|56431|FUTSTK|HINDPETRO|XX|1406385000|-1|XX|0|FUTSTK|HINDPETRO|XX|1409409000|-1|XX|0|49845|-1250|1250|-1250|1250|1350|1350|5|1350|1350|5|1|N
47839|63689|FUTSTK|HINDUNILVR|XX|1403965800|-1|XX|0|FUTSTK|HINDUNILVR|XX|1406385000|-1|XX|0|247945|-6200|6200|-6200|6200|300|300|5|300|300|5|1|N
63689|56432|FUTSTK|HINDUNILVR|XX|1406385000|-1|XX|0|FUTSTK|HINDUNILVR|XX|1409409000|-1|XX|0|249540|-6240|6240|-6240|6240|300|300|5|300|300|5|1|N
47840|63690|FUTSTK|ICICIBANK|XX|1403965800|-1|XX|0|FUTSTK|ICICIBANK|XX|1406385000|-1|XX|0|107235|-2680|2680|-2680|2680|700|700|5|700|700|5|1|N
63690|56433|FUTSTK|ICICIBANK|XX|1406385000|-1|XX|0|FUTSTK|ICICIBANK|XX|1409409000|-1|XX|0|107880|-2700|2700|-2700|2700|700|700|5|700|700|5|1|N
49149|63692|FUTSTK|ICICIGI|XX|1403965800|-1|XX|0|FUTSTK|ICICIGI|XX|1406385000|-1|XX|0|153700|-2000|5690|-2000|5690|500|500|5|500|500|5|1|N
63692|56434|FUTSTK|ICICIGI|XX|1406385000|-1|XX|0|FUTSTK|ICICIGI|XX|1409409000|-1|XX|0|155530|-3890|3890|-3890|3890|500|500|5|500|500|5|1|N
49150|63693|FUTSTK|ICICIPRULI|XX|1403965800|-1|XX|0|FUTSTK|ICICIPRULI|XX|1406385000|-1|XX|0|54320|-1360|1360|-1360|1360|1500|1500|5|1500|1500|5|1|N
63693|56435|FUTSTK|ICICIPRULI|XX|1406385000|-1|XX|0|FUTSTK|ICICIPRULI|XX|1409409000|-1|XX|0|54615|-1365|1365|-1365|1365|1500|1500|5|1500|1500|5|1|N
49151|63694|FUTSTK|IDEA|XX|1403965800|-1|XX|0|FUTSTK|IDEA|XX|1406385000|-1|XX|0|1335|-35|35|-35|35|40000|40000|5|40000|40000|5|1|N
63694|56437|FUTSTK|IDEA|XX|1406385000|-1|XX|0|FUTSTK|IDEA|XX|1409409000|-1|XX|0|1345|-35|35|-35|35|40000|40000|5|40000|40000|5|1|N
49152|63695|FUTSTK|IDFC|XX|1403965800|-1|XX|0|FUTSTK|IDFC|XX|1406385000|-1|XX|0|10740|-270|270|-270|270|5000|5000|5|5000|5000|5|1|N
63695|56438|FUTSTK|IDFC|XX|1406385000|-1|XX|0|FUTSTK|IDFC|XX|1409409000|-1|XX|0|10810|-270|270|-270|270|5000|5000|5|5000|5000|5|1|N
51859|63702|FUTSTK|IDFCFIRSTB|XX|1403965800|-1|XX|0|FUTSTK|IDFCFIRSTB|XX|1406385000|-1|XX|0|7260|-185|185|-185|185|7500|7500|5|7500|7500|5|1|N
63702|56441|FUTSTK|IDFCFIRSTB|XX|1406385000|-1|XX|0|FUTSTK|IDFCFIRSTB|XX|1409409000|-1|XX|0|7275|-185|185|-185|185|7500|7500|5|7500|7500|5|1|N
51860|63703|FUTSTK|IEX|XX|1403965800|-1|XX|0|FUTSTK|IEX|XX|1406385000|-1|XX|0|14520|-365|365|-365|365|3750|3750|5|3750|3750|5|1|N
63703|56442|FUTSTK|IEX|XX|1406385000|-1|XX|0|FUTSTK|IEX|XX|1409409000|-1|XX|0|14640|-370|370|-370|370|3750|3750|5|3750|3750|5|1|N
51866|63704|FUTSTK|IGL|XX|1403965800|-1|XX|0|FUTSTK|IGL|XX|1406385000|-1|XX|0|44375|-1685|540|-1685|540|1375|1375|5|1375|1375|5|1|N
63704|56443|FUTSTK|IGL|XX|1406385000|-1|XX|0|FUTSTK|IGL|XX|1409409000|-1|XX|0|43805|-1095|1095|-1095|1095|1375|1375|5|1375|1375|5|1|N
51868|63705|FUTSTK|INDHOTEL|XX|1403965800|-1|XX|0|FUTSTK|INDHOTEL|XX|1406385000|-1|XX|0|52885|-1325|1325|-1325|1325|1000|1000|5|1000|1000|5|1|N
63705|56448|FUTSTK|INDHOTEL|XX|1406385000|-1|XX|0|FUTSTK|INDHOTEL|XX|1409409000|-1|XX|0|53225|-1330|1330|-1330|1330|1000|1000|5|1000|1000|5|1|N
51869|63706|FUTSTK|INDIACEM|XX|1403965800|-1|XX|0|FUTSTK|INDIACEM|XX|1406385000|-1|XX|0|18495|-465|465|-465|465|2900|2900|5|2900|2900|5|1|N
63706|56449|FUTSTK|INDIACEM|XX|1406385000|-1|XX|0|FUTSTK|INDIACEM|XX|1409409000|-1|XX|0|18670|-470|470|-470|470|2900|2900|5|2900|2900|5|1|N
51871|63707|FUTSTK|INDIAMART|XX|1403965800|-1|XX|0|FUTSTK|INDIAMART|XX|1406385000|-1|XX|0|234410|-5860|5860|-5860|5860|300|300|5|300|300|5|1|N
63707|56452|FUTSTK|INDIAMART|XX|1406385000|-1|XX|0|FUTSTK|INDIAMART|XX|1409409000|-1|XX|0|234730|-5870|5870|-5870|5870|300|300|5|300|300|5|1|N
51874|63708|FUTSTK|INDIGO|XX|1403965800|-1|XX|0|FUTSTK|INDIGO|XX|1406385000|-1|XX|0|408500|-10215|10215|-10215|10215|300|300|5|300|300|5|1|N
63708|56453|FUTSTK|INDIGO|XX|1406385000|-1|XX|0|FUTSTK|INDIGO|XX|1409409000|-1|XX|0|411500|-10290|10290|-10290|10290|300|300|5|300|300|5|1|N
51878|63709|FUTSTK|INDUSINDBK|XX|1403965800|-1|XX|0|FUTSTK|INDUSINDBK|XX|1406385000|-1|XX|0|139590|-3490|3490|-3490|3490|500|500|5|500|500|5|1|N
63709|56456|FUTSTK|INDUSINDBK|XX|1406385000|-1|XX|0|FUTSTK|INDUSINDBK|XX|1409409000|-1|XX|0|139015|-3475|3475|-3475|3475|500|500|5|500|500|5|1|N
52166|63710|FUTSTK|INDUSTOWER|XX|1403965800|-1|XX|0|FUTSTK|INDUSTOWER|XX|1406385000|-1|XX|0|30880|-775|775|-775|775|3400|3400|5|3400|3400|5|1|N
63710|56457|FUTSTK|INDUSTOWER|XX|1406385000|-1|XX|0|FUTSTK|INDUSTOWER|XX|1409409000|-1|XX|0|31125|-780|780|-780|780|3400|3400|5|3400|3400|5|1|N
52168|63711|FUTSTK|INFY|XX|1403965800|-1|XX|0|FUTSTK|INFY|XX|1406385000|-1|XX|0|139785|-3495|3495|-3495|3495|400|400|5|400|400|5|1|N
63711|56458|FUTSTK|INFY|XX|1406385000|-1|XX|0|FUTSTK|INFY|XX|1409409000|-1|XX|0|140750|-3520|3520|-3520|3520|400|400|5|400|400|5|1|N
52169|63712|FUTSTK|IOC|XX|1403965800|-1|XX|0|FUTSTK|IOC|XX|1406385000|-1|XX|0|15455|-390|390|-390|390|4875|4875|5|4875|4875|5|1|N
63712|56459|FUTSTK|IOC|XX|1406385000|-1|XX|0|FUTSTK|IOC|XX|1409409000|-1|XX|0|15580|-390|390|-390|390|4875|4875|5|4875|4875|5|1|N
52170|63713|FUTSTK|IPCALAB|XX|1403965800|-1|XX|0|FUTSTK|IPCALAB|XX|1406385000|-1|XX|0|112955|-2825|2825|-2825|2825|650|650|5|650|650|5|1|N
63713|56460|FUTSTK|IPCALAB|XX|1406385000|-1|XX|0|FUTSTK|IPCALAB|XX|1409409000|-1|XX|0|113055|-2830|2830|-2830|2830|650|650|5|650|650|5|1|N
52177|63714|FUTSTK|IRCTC|XX|1403965800|-1|XX|0|FUTSTK|IRCTC|XX|1406385000|-1|XX|0|91500|-1345|3230|-1345|3230|875|875|5|875|875|5|1|N
63714|56461|FUTSTK|IRCTC|XX|1406385000|-1|XX|0|FUTSTK|IRCTC|XX|1409409000|-1|XX|0|92435|-2310|2310|-2310|2310|875|875|5|875|875|5|1|N
52178|63715|FUTSTK|ITC|XX|1403965800|-1|XX|0|FUTSTK|ITC|XX|1406385000|-1|XX|0|41595|-1040|1040|-1040|1040|1600|1600|5|1600|1600|5|1|N
63715|56462|FUTSTK|ITC|XX|1406385000|-1|XX|0|FUTSTK|ITC|XX|1409409000|-1|XX|0|41840|-1050|1050|-1050|1050|1600|1600|5|1600|1600|5|1|N
52181|63716|FUTSTK|JINDALSTEL|XX|1403965800|-1|XX|0|FUTSTK|JINDALSTEL|XX|1406385000|-1|XX|0|96070|-2405|2405|-2405|2405|625|625|5|625|625|5|1|N
63716|56463|FUTSTK|JINDALSTEL|XX|1406385000|-1|XX|0|FUTSTK|JINDALSTEL|XX|1409409000|-1|XX|0|96650|-2420|2420|-2420|2420|625|625|5|625|625|5|1|N
52182|63717|FUTSTK|JKCEMENT|XX|1403965800|-1|XX|0|FUTSTK|JKCEMENT|XX|1406385000|-1|XX|0|384875|-9625|9625|-9625|9625|125|125|5|125|125|5|1|N
63717|56464|FUTSTK|JKCEMENT|XX|1406385000|-1|XX|0|FUTSTK|JKCEMENT|XX|1409409000|-1|XX|0|386040|-9655|9655|-9655|9655|125|125|5|125|125|5|1|N
52188|63718|FUTSTK|JSWSTEEL|XX|1403965800|-1|XX|0|FUTSTK|JSWSTEEL|XX|1406385000|-1|XX|0|84380|-2110|2110|-2110|2110|675|675|5|675|675|5|1|N
63718|56465|FUTSTK|JSWSTEEL|XX|1406385000|-1|XX|0|FUTSTK|JSWSTEEL|XX|1409409000|-1|XX|0|84375|-2110|2110|-2110|2110|675|675|5|675|675|5|1|N
52189|63719|FUTSTK|JUBLFOOD|XX|1403965800|-1|XX|0|FUTSTK|JUBLFOOD|XX|1406385000|-1|XX|0|49545|-1925|555|-1925|555|1250|1250|5|1250|1250|5|1|N
63719|56466|FUTSTK|JUBLFOOD|XX|1406385000|-1|XX|0|FUTSTK|JUBLFOOD|XX|1409409000|-1|XX|0|48865|-1225|1225|-1225|1225|1250|1250|5|1250|1250|5|1|N
52194|63722|FUTSTK|KOTAKBANK|XX|1403965800|-1|XX|0|FUTSTK|KOTAKBANK|XX|1406385000|-1|XX|0|164130|-4105|4105|-4105|4105|400|400|5|400|400|5|1|N
63722|56467|FUTSTK|KOTAKBANK|XX|1406385000|-1|XX|0|FUTSTK|KOTAKBANK|XX|1409409000|-1|XX|0|165280|-4135|4135|-4135|4135|400|400|5|400|400|5|1|N
52208|63723|FUTSTK|LALPATHLAB|XX|1403965800|-1|XX|0|FUTSTK|LALPATHLAB|XX|1406385000|-1|XX|0|264865|-6625|6625|-6625|6625|300|300|5|300|300|5|1|N
63723|56468|FUTSTK|LALPATHLAB|XX|1406385000|-1|XX|0|FUTSTK|LALPATHLAB|XX|1409409000|-1|XX|0|265455|-6640|6640|-6640|6640|300|300|5|300|300|5|1|N
52209|63724|FUTSTK|LAURUSLABS|XX|1403965800|-1|XX|0|FUTSTK|LAURUSLABS|XX|1406385000|-1|XX|0|40670|-1020|1020|-1020|1020|1700|1700|5|1700|1700|5|1|N
63724|56469|FUTSTK|LAURUSLABS|XX|1406385000|-1|XX|0|FUTSTK|LAURUSLABS|XX|1409409000|-1|XX|0|40830|-1020|1020|-1020|1020|1700|1700|5|1700|1700|5|1|N
52212|63725|FUTSTK|LICHSGFIN|XX|1403965800|-1|XX|0|FUTSTK|LICHSGFIN|XX|1406385000|-1|XX|0|57840|-1450|1450|-1450|1450|1000|1000|5|1000|1000|5|1|N
63725|56470|FUTSTK|LICHSGFIN|XX|1406385000|-1|XX|0|FUTSTK|LICHSGFIN|XX|1409409000|-1|XX|0|58230|-1455|1455|-1455|1455|1000|1000|5|1000|1000|5|1|N
52213|63730|FUTSTK|LT|XX|1403965800|-1|XX|0|FUTSTK|LT|XX|1406385000|-1|XX|0|338485|-8465|8465|-8465|8465|150|150|5|150|150|5|1|N
63730|56471|FUTSTK|LT|XX|1406385000|-1|XX|0|FUTSTK|LT|XX|1409409000|-1|XX|0|340870|-8525|8525|-8525|8525|150|150|5|150|150|5|1|N
52195|63731|FUTSTK|LTF|XX|1403965800|-1|XX|0|FUTSTK|LTF|XX|1406385000|-1|XX|0|14730|-370|370|-370|370|4462|4462|5|4462|4462|5|1|N
63731|56472|FUTSTK|LTF|XX|1406385000|-1|XX|0|FUTSTK|LTF|XX|1409409000|-1|XX|0|14810|-370|370|-370|370|4462|4462|5|4462|4462|5|1|N
52215|63736|FUTSTK|LTIM|XX|1403965800|-1|XX|0|FUTSTK|LTIM|XX|1406385000|-1|XX|0|459590|-11490|11490|-11490|11490|150|150|5|150|150|5|1|N
63736|56473|FUTSTK|LTIM|XX|1406385000|-1|XX|0|FUTSTK|LTIM|XX|1409409000|-1|XX|0|462285|-11560|11560|-11560|11560|150|150|5|150|150|5|1|N
52216|63737|FUTSTK|LTTS|XX|1403965800|-1|XX|0|FUTSTK|LTTS|XX|1406385000|-1|XX|0|439430|-10985|10985|-10985|10985|100|100|5|100|100|5|1|N
63737|56474|FUTSTK|LTTS|XX|1406385000|-1|XX|0|FUTSTK|LTTS|XX|1409409000|-1|XX|0|436665|-10920|10920|-10920|10920|100|100|5|100|100|5|1|N
52217|63738|FUTSTK|LUPIN|XX|1403965800|-1|XX|0|FUTSTK|LUPIN|XX|1406385000|-1|XX|0|157180|-3930|3930|-3930|3930|425|425|5|425|425|5|1|N
63738|56475|FUTSTK|LUPIN|XX|1406385000|-1|XX|0|FUTSTK|LUPIN|XX|1409409000|-1|XX|0|157265|-3935|3935|-3935|3935|425|425|5|425|425|5|1|N
52218|63739|FUTSTK|M&M|XX|1403965800|-1|XX|0|FUTSTK|M&M|XX|1406385000|-1|XX|0|257845|-6450|6450|-6450|6450|350|350|5|350|350|5|1|N
63739|56476|FUTSTK|M&M|XX|1406385000|-1|XX|0|FUTSTK|M&M|XX|1409409000|-1|XX|0|258360|-6460|6460|-6460|6460|350|350|5|350|350|5|1|N
52219|63748|FUTSTK|M&MFIN|XX|1403965800|-1|XX|0|FUTSTK|M&MFIN|XX|1406385000|-1|XX|0|25560|-1055|225|-1055|225|2000|2000|5|2000|2000|5|1|N
63748|56477|FUTSTK|M&MFIN|XX|1406385000|-1|XX|0|FUTSTK|M&MFIN|XX|1409409000|-1|XX|0|25145|-630|630|-630|630|2000|2000|5|2000|2000|5|1|N
52221|63749|FUTSTK|MANAPPURAM|XX|1403965800|-1|XX|0|FUTSTK|MANAPPURAM|XX|1406385000|-1|XX|0|15920|-400|400|-400|400|3000|3000|5|3000|3000|5|1|N
63749|56478|FUTSTK|MANAPPURAM|XX|1406385000|-1|XX|0|FUTSTK|MANAPPURAM|XX|1409409000|-1|XX|0|16065|-405|405|-405|405|3000|3000|5|3000|3000|5|1|N
52231|63750|FUTSTK|MARICO|XX|1403965800|-1|XX|0|FUTSTK|MARICO|XX|1406385000|-1|XX|0|61740|-1545|1545|-1545|1545|1200|1200|5|1200|1200|5|1|N
63750|56479|FUTSTK|MARICO|XX|1406385000|-1|XX|0|FUTSTK|MARICO|XX|1409409000|-1|XX|0|62105|-1555|1555|-1555|1555|1200|1200|5|1200|1200|5|1|N
52232|63751|FUTSTK|MARUTI|XX|1403965800|-1|XX|0|FUTSTK|MARUTI|XX|1406385000|-1|XX|0|1218815|-30470|30470|-30470|30470|50|50|5|50|50|5|1|N
63751|56480|FUTSTK|MARUTI|XX|1406385000|-1|XX|0|FUTSTK|MARUTI|XX|1409409000|-1|XX|0|1226640|-30670|30670|-30670|30670|50|50|5|50|50|5|1|N
52236|63752|FUTSTK|MCDOWELL-N|XX|1403965800|-1|XX|0|FUTSTK|MCDOWELL-N|XX|1406385000|-1|XX|0|120830|-3020|3020|-3020|3020|700|700|5|700|700|5|1|N
63752|56481|FUTSTK|MCDOWELL-N|XX|1406385000|-1|XX|0|FUTSTK|MCDOWELL-N|XX|1409409000|-1|XX|0|121420|-3035|3035|-3035|3035|700|700|5|700|700|5|1|N
52237|63753|FUTSTK|MCX|XX|1403965800|-1|XX|0|FUTSTK|MCX|XX|1406385000|-1|XX|0|322155|-8055|8055|-8055|8055|200|200|5|200|200|5|1|N
63753|56482|FUTSTK|MCX|XX|1406385000|-1|XX|0|FUTSTK|MCX|XX|1409409000|-1|XX|0|324415|-8110|8110|-8110|8110|200|200|5|200|200|5|1|N
52238|63754|FUTSTK|METROPOLIS|XX|1403965800|-1|XX|0|FUTSTK|METROPOLIS|XX|1406385000|-1|XX|0|189615|-7225|2260|-7225|2260|400|400|5|400|400|5|1|N
63754|56483|FUTSTK|METROPOLIS|XX|1406385000|-1|XX|0|FUTSTK|METROPOLIS|XX|1409409000|-1|XX|0|187150|-4680|4680|-4680|4680|400|400|5|400|400|5|1|N
52239|63755|FUTSTK|MFSL|XX|1403965800|-1|XX|0|FUTSTK|MFSL|XX|1406385000|-1|XX|0|90280|-2260|2260|-2260|2260|800|800|5|800|800|5|1|N
63755|56484|FUTSTK|MFSL|XX|1406385000|-1|XX|0|FUTSTK|MFSL|XX|1409409000|-1|XX|0|90965|-2275|2275|-2275|2275|800|800|5|800|800|5|1|N
52242|63766|FUTSTK|MGL|XX|1403965800|-1|XX|0|FUTSTK|MGL|XX|1406385000|-1|XX|0|126930|-3175|3175|-3175|3175|400|400|5|400|400|5|1|N
63766|56485|FUTSTK|MGL|XX|1406385000|-1|XX|0|FUTSTK|MGL|XX|1409409000|-1|XX|0|127555|-3190|3190|-3190|3190|400|400|5|400|400|5|1|N
35080|52882|FUTIDX|MIDCPNIFTY|XX|1406730600|-1|XX|0|FUTIDX|MIDCPNIFTY|XX|1409149800|-1|XX|0|1085325|-21710|21710|-21710|21710|50|50|5|50|50|5|1|N
52243|63767|FUTSTK|MOTHERSON|XX|1403965800|-1|XX|0|FUTSTK|MOTHERSON|XX|1406385000|-1|XX|0|14250|-360|360|-360|360|7100|7100|5|7100|7100|5|1|N
63767|56486|FUTSTK|MOTHERSON|XX|1406385000|-1|XX|0|FUTSTK|MOTHERSON|XX|1409409000|-1|XX|0|14310|-360|360|-360|360|7100|7100|5|7100|7100|5|1|N
52244|63770|FUTSTK|MPHASIS|XX|1403965800|-1|XX|0|FUTSTK|MPHASIS|XX|1406385000|-1|XX|0|227895|-5700|5700|-5700|5700|275|275|5|275|275|5|1|N
63770|56487|FUTSTK|MPHASIS|XX|1406385000|-1|XX|0|FUTSTK|MPHASIS|XX|1409409000|-1|XX|0|229990|-5750|5750|-5750|5750|275|275|5|275|275|5|1|N
52245|63771|FUTSTK|MRF|XX|1403965800|-1|XX|0|FUTSTK|MRF|XX|1406385000|-1|XX|0|12251995|-306300|306300|-306300|306300|5|5|5|5|5|5|1|N
63771|56488|FUTSTK|MRF|XX|1406385000|-1|XX|0|FUTSTK|MRF|XX|1409409000|-1|XX|0|12306375|-307660|307660|-307660|307660|5|5|5|5|5|5|1|N
52254|63772|FUTSTK|MUTHOOTFIN|XX|1403965800|-1|XX|0|FUTSTK|MUTHOOTFIN|XX|1406385000|-1|XX|0|164915|-4125|4125|-4125|4125|550|550|5|550|550|5|1|N
63772|56489|FUTSTK|MUTHOOTFIN|XX|1406385000|-1|XX|0|FUTSTK|MUTHOOTFIN|XX|1409409000|-1|XX|0|164550|-4115|4115|-4115|4115|550|550|5|550|550|5|1|N
52255|63773|FUTSTK|NATIONALUM|XX|1403965800|-1|XX|0|FUTSTK|NATIONALUM|XX|1406385000|-1|XX|0|15930|-400|400|-400|400|3750|3750|5|3750|3750|5|1|N
63773|56490|FUTSTK|NATIONALUM|XX|1406385000|-1|XX|0|FUTSTK|NATIONALUM|XX|1409409000|-1|XX|0|16045|-405|405|-405|405|3750|3750|5|3750|3750|5|1|N
52264|63774|FUTSTK|NAUKRI|XX|1403965800|-1|XX|0|FUTSTK|NAUKRI|XX|1406385000|-1|XX|0|564900|-14125|14125|-14125|14125|150|150|5|150|150|5|1|N
63774|56491|FUTSTK|NAUKRI|XX|1406385000|-1|XX|0|FUTSTK|NAUKRI|XX|1409409000|-1|XX|0|569550|-14240|14240|-14240|14240|150|150|5|150|150|5|1|N
63775|56492|FUTSTK|NAVINFLUOR|XX|1406385000|-1|XX|0|FUTSTK|NAVINFLUOR|XX|1409409000|-1|XX|0|305020|-7625|7625|-7625|7625|175|175|5|175|175|5|1|N
52349|63776|FUTSTK|NESTLEIND|XX|1403965800|-1|XX|0|FUTSTK|NESTLEIND|XX|1406385000|-1|XX|0|243215|-6080|6080|-6080|6080|200|200|5|200|200|5|1|N
63776|56493|FUTSTK|NESTLEIND|XX|1406385000|-1|XX|0|FUTSTK|NESTLEIND|XX|1409409000|-1|XX|0|244215|-6105|6105|-6105|6105|200|200|5|200|200|5|1|N
35004|35007|FUTIDX|NIFTY|XX|1403965800|-1|XX|0|FUTIDX|NIFTY|XX|1406385000|-1|XX|0|2190815|-43820|43820|-43820|43820|25|25|5|25|25|5|1|N
35004|35415|FUTIDX|NIFTY|XX|1403965800|-1|XX|0|FUTIDX|NIFTY|XX|1409409000|-1|XX|0|2190815|-43820|43820|-43820|43820|25|25|5|25|25|5|1|N
35007|35415|FUTIDX|NIFTY|XX|1406385000|-1|XX|0|FUTIDX|NIFTY|XX|1409409000|-1|XX|0|2206300|-44130|44130|-44130|44130|25|25|5|25|25|5|1|N
35238|35078|FUTIDX|NIFTYNXT50|XX|1404052200|-1|XX|0|FUTIDX|NIFTYNXT50|XX|1409495400|-1|XX|0|6429510|-128590|128590|-128590|128590|10|10|5|10|10|5|1|N
35238|35239|FUTIDX|NIFTYNXT50|XX|1404052200|-1|XX|0|FUTIDX|NIFTYNXT50|XX|1406471400|-1|XX|0|6429510|-128590|128590|-128590|128590|10|10|5|10|10|5|1|N
35239|35078|FUTIDX|NIFTYNXT50|XX|1406471400|-1|XX|0|FUTIDX|NIFTYNXT50|XX|1409495400|-1|XX|0|6475845|-129520|129520|-129520|129520|10|10|5|10|10|5|1|N
52350|63777|FUTSTK|NMDC|XX|1403965800|-1|XX|0|FUTSTK|NMDC|XX|1406385000|-1|XX|0|23760|-595|595|-595|595|4500|4500|5|4500|4500|5|1|N
63777|56494|FUTSTK|NMDC|XX|1406385000|-1|XX|0|FUTSTK|NMDC|XX|1409409000|-1|XX|0|23895|-600|600|-600|600|4500|4500|5|4500|4500|5|1|N
55865|63778|FUTSTK|NTPC|XX|1403965800|-1|XX|0|FUTSTK|NTPC|XX|1406385000|-1|XX|0|33275|-835|835|-835|835|1500|1500|5|1500|1500|5|1|N
63778|56495|FUTSTK|NTPC|XX|1406385000|-1|XX|0|FUTSTK|NTPC|XX|1409409000|-1|XX|0|33385|-835|835|-835|835|1500|1500|5|1500|1500|5|1|N
55866|63779|FUTSTK|OBEROIRLTY|XX|1403965800|-1|XX|0|FUTSTK|OBEROIRLTY|XX|1406385000|-1|XX|0|174620|-4365|4365|-4365|4365|700|700|5|700|700|5|1|N
63779|56496|FUTSTK|OBEROIRLTY|XX|1406385000|-1|XX|0|FUTSTK|OBEROIRLTY|XX|1409409000|-1|XX|0|175495|-4390|4390|-4390|4390|700|700|5|700|700|5|1|N
58853|63780|FUTSTK|OFSS|XX|1403965800|-1|XX|0|FUTSTK|OFSS|XX|1406385000|-1|XX|0|731010|-18275|18275|-18275|18275|100|100|5|100|100|5|1|N
63780|56497|FUTSTK|OFSS|XX|1406385000|-1|XX|0|FUTSTK|OFSS|XX|1409409000|-1|XX|0|737805|-18445|18445|-18445|18445|100|100|5|100|100|5|1|N
58854|63781|FUTSTK|ONGC|XX|1403965800|-1|XX|0|FUTSTK|ONGC|XX|1406385000|-1|XX|0|23720|-595|595|-595|595|1925|1925|5|1925|1925|5|1|N
63781|56498|FUTSTK|ONGC|XX|1406385000|-1|XX|0|FUTSTK|ONGC|XX|1409409000|-1|XX|0|23885|-600|600|-600|600|1925|1925|5|1925|1925|5|1|N
58865|63782|FUTSTK|PAGEIND|XX|1403965800|-1|XX|0|FUTSTK|PAGEIND|XX|1406385000|-1|XX|0|3630580|-90765|90765|-90765|90765|15|15|5|15|15|5|1|N
63782|56499|FUTSTK|PAGEIND|XX|1406385000|-1|XX|0|FUTSTK|PAGEIND|XX|1409409000|-1|XX|0|3611945|-90300|90300|-90300|90300|15|15|5|15|15|5|1|N
58866|63783|FUTSTK|PEL|XX|1403965800|-1|XX|0|FUTSTK|PEL|XX|1406385000|-1|XX|0|75645|-1895|1895|-1895|1895|750|750|5|750|750|5|1|N
63783|56500|FUTSTK|PEL|XX|1406385000|-1|XX|0|FUTSTK|PEL|XX|1409409000|-1|XX|0|75345|-1885|1885|-1885|1885|750|750|5|750|750|5|1|N
58874|63784|FUTSTK|PERSISTENT|XX|1403965800|-1|XX|0|FUTSTK|PERSISTENT|XX|1406385000|-1|XX|0|335665|-8395|8395|-8395|8395|200|200|5|200|200|5|1|N
63784|56501|FUTSTK|PERSISTENT|XX|1406385000|-1|XX|0|FUTSTK|PERSISTENT|XX|1409409000|-1|XX|0|336880|-8425|8425|-8425|8425|200|200|5|200|200|5|1|N
58876|63785|FUTSTK|PETRONET|XX|1403965800|-1|XX|0|FUTSTK|PETRONET|XX|1406385000|-1|XX|0|27840|-700|700|-700|700|3000|3000|5|3000|3000|5|1|N
63785|56502|FUTSTK|PETRONET|XX|1406385000|-1|XX|0|FUTSTK|PETRONET|XX|1409409000|-1|XX|0|27885|-700|700|-700|700|3000|3000|5|3000|3000|5|1|N
63794|56503|FUTSTK|PFC|XX|1406385000|-1|XX|0|FUTSTK|PFC|XX|1409409000|-1|XX|0|42870|-1075|1075|-1075|1075|1300|1300|5|1300|1300|5|1|N
58878|63795|FUTSTK|PIDILITIND|XX|1403965800|-1|XX|0|FUTSTK|PIDILITIND|XX|1406385000|-1|XX|0|306855|-7675|7675|-7675|7675|250|250|5|250|250|5|1|N
63795|56504|FUTSTK|PIDILITIND|XX|1406385000|-1|XX|0|FUTSTK|PIDILITIND|XX|1409409000|-1|XX|0|308275|-7710|7710|-7710|7710|250|250|5|250|250|5|1|N
58887|63796|FUTSTK|PIIND|XX|1403965800|-1|XX|0|FUTSTK|PIIND|XX|1406385000|-1|XX|0|360975|-9025|9025|-9025|9025|250|250|5|250|250|5|1|N
63796|56505|FUTSTK|PIIND|XX|1406385000|-1|XX|0|FUTSTK|PIIND|XX|1409409000|-1|XX|0|364370|-9110|9110|-9110|9110|250|250|5|250|250|5|1|N
58888|63797|FUTSTK|PNB|XX|1403965800|-1|XX|0|FUTSTK|PNB|XX|1406385000|-1|XX|0|11405|-285|285|-285|285|8000|8000|5|8000|8000|5|1|N
63797|56506|FUTSTK|PNB|XX|1406385000|-1|XX|0|FUTSTK|PNB|XX|1409409000|-1|XX|0|11485|-290|290|-290|290|8000|8000|5|8000|8000|5|1|N
63798|56507|FUTSTK|POLYCAB|XX|1406385000|-1|XX|0|FUTSTK|POLYCAB|XX|1409409000|-1|XX|0|650630|-16265|16265|-16265|16265|125|125|5|125|125|5|1|N
58894|63799|FUTSTK|POWERGRID|XX|1403965800|-1|XX|0|FUTSTK|POWERGRID|XX|1406385000|-1|XX|0|29615|-740|740|-740|740|3600|3600|5|3600|3600|5|1|N
63799|56508|FUTSTK|POWERGRID|XX|1406385000|-1|XX|0|FUTSTK|POWERGRID|XX|1409409000|-1|XX|0|29830|-745|745|-745|745|3600|3600|5|3600|3600|5|1|N
58899|63800|FUTSTK|PVRINOX|XX|1403965800|-1|XX|0|FUTSTK|PVRINOX|XX|1406385000|-1|XX|0|127430|-3185|3185|-3185|3185|407|407|5|407|407|5|1|N
63800|56509|FUTSTK|PVRINOX|XX|1406385000|-1|XX|0|FUTSTK|PVRINOX|XX|1409409000|-1|XX|0|128400|-3210|3210|-3210|3210|407|407|5|407|407|5|1|N
58900|63801|FUTSTK|RAMCOCEM|XX|1403965800|-1|XX|0|FUTSTK|RAMCOCEM|XX|1406385000|-1|XX|0|73120|-1830|1830|-1830|1830|850|850|5|850|850|5|1|N
63801|56510|FUTSTK|RAMCOCEM|XX|1406385000|-1|XX|0|FUTSTK|RAMCOCEM|XX|1409409000|-1|XX|0|73645|-1845|1845|-1845|1845|850|850|5|850|850|5|1|N
58901|63804|FUTSTK|RBLBANK|XX|1403965800|-1|XX|0|FUTSTK|RBLBANK|XX|1406385000|-1|XX|0|22455|-565|565|-565|565|2500|2500|5|2500|2500|5|1|N
63804|56511|FUTSTK|RBLBANK|XX|1406385000|-1|XX|0|FUTSTK|RBLBANK|XX|1409409000|-1|XX|0|22565|-565|565|-565|565|2500|2500|5|2500|2500|5|1|N
58902|63805|FUTSTK|RECLTD|XX|1403965800|-1|XX|0|FUTSTK|RECLTD|XX|1406385000|-1|XX|0|45375|-1135|1135|-1135|1135|2000|2000|5|2000|2000|5|1|N
63805|56512|FUTSTK|RECLTD|XX|1406385000|-1|XX|0|FUTSTK|RECLTD|XX|1409409000|-1|XX|0|45405|-1135|1135|-1135|1135|2000|2000|5|2000|2000|5|1|N
58903|63806|FUTSTK|RELIANCE|XX|1403965800|-1|XX|0|FUTSTK|RELIANCE|XX|1406385000|-1|XX|0|279630|-6990|6990|-6990|6990|250|250|5|250|250|5|1|N
63806|56513|FUTSTK|RELIANCE|XX|1406385000|-1|XX|0|FUTSTK|RELIANCE|XX|1409409000|-1|XX|0|281740|-7045|7045|-7045|7045|250|250|5|250|250|5|1|N
58904|63807|FUTSTK|SAIL|XX|1403965800|-1|XX|0|FUTSTK|SAIL|XX|1406385000|-1|XX|0|13290|-335|335|-335|335|4000|4000|5|4000|4000|5|1|N
63807|56514|FUTSTK|SAIL|XX|1406385000|-1|XX|0|FUTSTK|SAIL|XX|1409409000|-1|XX|0|13375|-335|335|-335|335|4000|4000|5|4000|4000|5|1|N
58905|63808|FUTSTK|SBICARD|XX|1403965800|-1|XX|0|FUTSTK|SBICARD|XX|1406385000|-1|XX|0|66825|-1670|1670|-1670|1670|800|800|5|800|800|5|1|N
63808|56515|FUTSTK|SBICARD|XX|1406385000|-1|XX|0|FUTSTK|SBICARD|XX|1409409000|-1|XX|0|66910|-1675|1675|-1675|1675|800|800|5|800|800|5|1|N
58906|63809|FUTSTK|SBILIFE|XX|1403965800|-1|XX|0|FUTSTK|SBILIFE|XX|1406385000|-1|XX|0|134130|-3355|3355|-3355|3355|375|375|5|375|375|5|1|N
63809|56516|FUTSTK|SBILIFE|XX|1406385000|-1|XX|0|FUTSTK|SBILIFE|XX|1409409000|-1|XX|0|135150|-3380|3380|-3380|3380|375|375|5|375|375|5|1|N
61363|63818|FUTSTK|SBIN|XX|1403965800|-1|XX|0|FUTSTK|SBIN|XX|1406385000|-1|XX|0|77645|-1945|1945|-1945|1945|750|750|5|750|750|5|1|N
63818|56517|FUTSTK|SBIN|XX|1406385000|-1|XX|0|FUTSTK|SBIN|XX|1409409000|-1|XX|0|78220|-1955|1955|-1955|1955|750|750|5|750|750|5|1|N
61367|63819|FUTSTK|SHREECEM|XX|1403965800|-1|XX|0|FUTSTK|SHREECEM|XX|1406385000|-1|XX|0|2482490|-62065|62065|-62065|62065|25|25|5|25|25|5|1|N
63819|56518|FUTSTK|SHREECEM|XX|1406385000|-1|XX|0|FUTSTK|SHREECEM|XX|1409409000|-1|XX|0|2497390|-62435|62435|-62435|62435|25|25|5|25|25|5|1|N
63834|56519|FUTSTK|SHRIRAMFIN|XX|1406385000|-1|XX|0|FUTSTK|SHRIRAMFIN|XX|1409409000|-1|XX|0|226705|-5670|5670|-5670|5670|300|300|5|300|300|5|1|N
63862|63834|FUTSTK|SHRIRAMFIN|XX|1403965800|-1|XX|0|FUTSTK|SHRIRAMFIN|XX|1406385000|-1|XX|0|226375|-5660|5660|-5660|5660|300|300|5|300|300|5|1|N
63835|56520|FUTSTK|SIEMENS|XX|1406385000|-1|XX|0|FUTSTK|SIEMENS|XX|1409409000|-1|XX|0|641715|-16045|16045|-16045|16045|150|150|5|150|150|5|1|N
63863|63835|FUTSTK|SIEMENS|XX|1403965800|-1|XX|0|FUTSTK|SIEMENS|XX|1406385000|-1|XX|0|639045|-15980|15980|-15980|15980|150|150|5|150|150|5|1|N
63836|56521|FUTSTK|SRF|XX|1406385000|-1|XX|0|FUTSTK|SRF|XX|1409409000|-1|XX|0|220995|-5525|5525|-5525|5525|375|375|5|375|375|5|1|N
63864|63836|FUTSTK|SRF|XX|1403965800|-1|XX|0|FUTSTK|SRF|XX|1406385000|-1|XX|0|219615|-5490|5490|-5490|5490|375|375|5|375|375|5|1|N
63837|56524|FUTSTK|SUNPHARMA|XX|1406385000|-1|XX|0|FUTSTK|SUNPHARMA|XX|1409409000|-1|XX|0|144655|-3620|3620|-3620|3620|350|350|5|350|350|5|1|N
63865|63837|FUTSTK|SUNPHARMA|XX|1403965800|-1|XX|0|FUTSTK|SUNPHARMA|XX|1406385000|-1|XX|0|143585|-3590|3590|-3590|3590|350|350|5|350|350|5|1|N
63846|56525|FUTSTK|SUNTV|XX|1406385000|-1|XX|0|FUTSTK|SUNTV|XX|1409409000|-1|XX|0|69245|-1735|1735|-1735|1735|1500|1500|5|1500|1500|5|1|N
63866|63846|FUTSTK|SUNTV|XX|1403965800|-1|XX|0|FUTSTK|SUNTV|XX|1406385000|-1|XX|0|69140|-1730|1730|-1730|1730|1500|1500|5|1500|1500|5|1|N
63847|56526|FUTSTK|SYNGENE|XX|1406385000|-1|XX|0|FUTSTK|SYNGENE|XX|1409409000|-1|XX|0|66890|-1675|1675|-1675|1675|1000|1000|5|1000|1000|5|1|N
63867|63847|FUTSTK|SYNGENE|XX|1403965800|-1|XX|0|FUTSTK|SYNGENE|XX|1406385000|-1|XX|0|66365|-1660|1660|-1660|1660|1000|1000|5|1000|1000|5|1|N
63848|56527|FUTSTK|TATACHEM|XX|1406385000|-1|XX|0|FUTSTK|TATACHEM|XX|1409409000|-1|XX|0|98685|-2470|2470|-2470|2470|550|550|5|550|550|5|1|N
63868|63848|FUTSTK|TATACHEM|XX|1403965800|-1|XX|0|FUTSTK|TATACHEM|XX|1406385000|-1|XX|0|98650|-2470|2470|-2470|2470|550|550|5|550|550|5|1|N
63849|56529|FUTSTK|TATACOMM|XX|1406385000|-1|XX|0|FUTSTK|TATACOMM|XX|1409409000|-1|XX|0|166990|-4175|4175|-4175|4175|500|500|5|500|500|5|1|N
63869|63849|FUTSTK|TATACOMM|XX|1403965800|-1|XX|0|FUTSTK|TATACOMM|XX|1406385000|-1|XX|0|167130|-4180|4180|-4180|4180|500|500|5|500|500|5|1|N
63852|56530|FUTSTK|TATACONSUM|XX|1406385000|-1|XX|0|FUTSTK|TATACONSUM|XX|1409409000|-1|XX|0|109785|-2745|2745|-2745|2745|450|450|5|450|450|5|1|N
63870|63852|FUTSTK|TATACONSUM|XX|1403965800|-1|XX|0|FUTSTK|TATACONSUM|XX|1406385000|-1|XX|0|108960|-2725|2725|-2725|2725|450|450|5|450|450|5|1|N
63853|56532|FUTSTK|TATAMOTORS|XX|1406385000|-1|XX|0|FUTSTK|TATAMOTORS|XX|1409409000|-1|XX|0|90695|-2270|2270|-2270|2270|550|550|5|550|550|5|1|N
63854|56533|FUTSTK|TATAPOWER|XX|1406385000|-1|XX|0|FUTSTK|TATAPOWER|XX|1409409000|-1|XX|0|40135|-1005|1005|-1005|1005|1350|1350|5|1350|1350|5|1|N
63855|56534|FUTSTK|TATASTEEL|XX|1406385000|-1|XX|0|FUTSTK|TATASTEEL|XX|1409409000|-1|XX|0|15980|-400|400|-400|400|5500|5500|5|5500|5500|5|1|N
63873|63855|FUTSTK|TATASTEEL|XX|1403965800|-1|XX|0|FUTSTK|TATASTEEL|XX|1406385000|-1|XX|0|15915|-400|400|-400|400|5500|5500|5|5500|5500|5|1|N
63856|56535|FUTSTK|TCS|XX|1406385000|-1|XX|0|FUTSTK|TCS|XX|1409409000|-1|XX|0|374285|-9360|9360|-9360|9360|175|175|5|175|175|5|1|N
63874|63856|FUTSTK|TCS|XX|1403965800|-1|XX|0|FUTSTK|TCS|XX|1406385000|-1|XX|0|372855|-9325|9325|-9325|9325|175|175|5|175|175|5|1|N
63857|56536|FUTSTK|TECHM|XX|1406385000|-1|XX|0|FUTSTK|TECHM|XX|1409409000|-1|XX|0|125140|-3130|3130|-3130|3130|600|600|5|600|600|5|1|N
63875|63857|FUTSTK|TECHM|XX|1403965800|-1|XX|0|FUTSTK|TECHM|XX|1406385000|-1|XX|0|124170|-3105|3105|-3105|3105|600|600|5|600|600|5|1|N
63860|56537|FUTSTK|TITAN|XX|1406385000|-1|XX|0|FUTSTK|TITAN|XX|1409409000|-1|XX|0|325230|-8130|8130|-8130|8130|175|175|5|175|175|5|1|N
63876|63860|FUTSTK|TITAN|XX|1403965800|-1|XX|0|FUTSTK|TITAN|XX|1406385000|-1|XX|0|323410|-8085|8085|-8085|8085|175|175|5|175|175|5|1|N
63861|56538|FUTSTK|TORNTPHARM|XX|1406385000|-1|XX|0|FUTSTK|TORNTPHARM|XX|1409409000|-1|XX|0|272165|-6805|6805|-6805|6805|250|250|5|250|250|5|1|N
63877|63861|FUTSTK|TORNTPHARM|XX|1403965800|-1|XX|0|FUTSTK|TORNTPHARM|XX|1406385000|-1|XX|0|269295|-6735|6735|-6735|6735|250|250|5|250|250|5|1|N
63878|63888|FUTSTK|TRENT|XX|1403965800|-1|XX|0|FUTSTK|TRENT|XX|1406385000|-1|XX|0|455180|-11380|11380|-11380|11380|200|200|5|200|200|5|1|N
63888|56539|FUTSTK|TRENT|XX|1406385000|-1|XX|0|FUTSTK|TRENT|XX|1409409000|-1|XX|0|458985|-11475|11475|-11475|11475|200|200|5|200|200|5|1|N
63879|63889|FUTSTK|TVSMOTOR|XX|1403965800|-1|XX|0|FUTSTK|TVSMOTOR|XX|1406385000|-1|XX|0|221690|-5545|5545|-5545|5545|350|350|5|350|350|5|1|N
63889|56540|FUTSTK|TVSMOTOR|XX|1406385000|-1|XX|0|FUTSTK|TVSMOTOR|XX|1409409000|-1|XX|0|223345|-5585|5585|-5585|5585|350|350|5|350|350|5|1|N
63880|63896|FUTSTK|UBL|XX|1403965800|-1|XX|0|FUTSTK|UBL|XX|1406385000|-1|XX|0|190250|-4760|4760|-4760|4760|400|400|5|400|400|5|1|N
63896|56541|FUTSTK|UBL|XX|1406385000|-1|XX|0|FUTSTK|UBL|XX|1409409000|-1|XX|0|189330|-4735|4735|-4735|4735|400|400|5|400|400|5|1|N
63881|63897|FUTSTK|ULTRACEMCO|XX|1403965800|-1|XX|0|FUTSTK|ULTRACEMCO|XX|1406385000|-1|XX|0|993155|-24830|24830|-24830|24830|100|100|5|100|100|5|1|N
63897|56542|FUTSTK|ULTRACEMCO|XX|1406385000|-1|XX|0|FUTSTK|ULTRACEMCO|XX|1409409000|-1|XX|0|998430|-24960|24960|-24960|24960|100|100|5|100|100|5|1|N
63882|63898|FUTSTK|UPL|XX|1403965800|-1|XX|0|FUTSTK|UPL|XX|1406385000|-1|XX|0|49635|-1240|1240|-1240|1240|1300|1300|5|1300|1300|5|1|N
63898|56543|FUTSTK|UPL|XX|1406385000|-1|XX|0|FUTSTK|UPL|XX|1409409000|-1|XX|0|50020|-1250|1250|-1250|1250|1300|1300|5|1300|1300|5|1|N
63883|63907|FUTSTK|VEDL|XX|1403965800|-1|XX|0|FUTSTK|VEDL|XX|1406385000|-1|XX|0|41860|-1050|1050|-1050|1050|2300|2300|5|2300|2300|5|1|N
63907|56544|FUTSTK|VEDL|XX|1406385000|-1|XX|0|FUTSTK|VEDL|XX|1409409000|-1|XX|0|42150|-1055|1055|-1055|1055|2300|2300|5|2300|2300|5|1|N
63884|63908|FUTSTK|VOLTAS|XX|1403965800|-1|XX|0|FUTSTK|VOLTAS|XX|1406385000|-1|XX|0|136360|-3410|3410|-3410|3410|600|600|5|600|600|5|1|N
63908|56545|FUTSTK|VOLTAS|XX|1406385000|-1|XX|0|FUTSTK|VOLTAS|XX|1409409000|-1|XX|0|136770|-3420|3420|-3420|3420|600|600|5|600|600|5|1|N
63885|63909|FUTSTK|WIPRO|XX|1403965800|-1|XX|0|FUTSTK|WIPRO|XX|1406385000|-1|XX|0|43985|-1100|1100|-1100|1100|1500|1500|5|1500|1500|5|1|N
63909|56546|FUTSTK|WIPRO|XX|1406385000|-1|XX|0|FUTSTK|WIPRO|XX|1409409000|-1|XX|0|44180|-1105|1105|-1105|1105|1500|1500|5|1500|1500|5|1|N
63887|63910|FUTSTK|ZYDUSLIFE|XX|1403965800|-1|XX|0|FUTSTK|ZYDUSLIFE|XX|1406385000|-1|XX|0|100680|-2520|2520|-2520|2520|900|900|5|900|900|5|1|N
63910|56547|FUTSTK|ZYDUSLIFE|XX|1406385000|-1|XX|0|FUTSTK|ZYDUSLIFE|XX|1409409000|-1|XX|0|101465|-2540|2540|-2540|2540|900|900|5|900|900|5|1|N
