1401661553,362,
P,16,35005,35012,
P,16,35012,35426,
P,16,35013,35479,
P,16,35028,35013,
P,16,35014,35480,
P,16,35029,35014,
P,16,35015,35513,
P,16,35030,35015,
P,16,35016,35516,
P,16,35031,35016,
P,16,35017,35517,
P,16,35047,35017,
P,16,35018,35522,
P,16,35048,35018,
P,16,35019,35551,
P,16,35074,35019,
P,16,35026,35552,
P,16,35076,35026,
P,16,35027,35553,
P,16,35200,35027,
P,16,35032,35554,
P,16,35201,35032,
P,16,35033,35555,
P,16,35203,35033,
P,16,35050,35556,
P,16,35210,35050,
P,16,35142,35565,
P,16,35213,35142,
P,16,35143,35570,
P,16,35216,35143,
P,16,35185,35573,
P,16,35190,35574,
P,16,35232,35190,
P,16,35191,35595,
P,16,36611,35191,
P,16,35192,35602,
P,16,38079,35192,
P,17,35193,35603,
P,17,35195,35604,
P,17,38411,35195,
P,17,35302,35613,
P,17,38412,35302,
P,17,35303,35614,
P,17,38605,35303,
P,17,35338,35615,
P,17,38621,35338,
P,17,35341,35616,
P,17,35399,35617,
P,17,39140,35399,
P,4,35020,35089,
P,4,35020,35165,
P,4,35165,35089,
P,17,35402,35618,
P,17,39797,35402,
P,17,35403,35645,
P,17,39798,35403,
P,17,35414,35646,
P,17,40394,35414,
P,17,35487,36345,
P,17,40395,35487,
P,17,35492,36347,
P,17,40396,35492,
P,17,35493,36368,
P,17,40402,35493,
P,17,35494,36369,
P,17,40404,35494,
P,17,35495,36380,
P,17,40405,35495,
P,17,35496,36381,
P,17,41222,35496,
P,17,35549,36457,
P,17,41223,35549,
P,17,35550,36727,
P,17,41230,35550,
P,14,35649,36728,
P,14,41235,35649,
P,14,35650,37014,
P,14,42084,35650,
P,14,35651,40614,
P,14,42085,35651,
P,14,35652,40624,
P,14,42088,35652,
P,14,35657,40719,
P,14,42089,35657,
P,14,35660,40720,
P,14,42090,35660,
P,14,40171,42249,
P,14,42092,40171,
P,14,40172,42250,
P,14,42099,40172,
P,14,40173,42251,
P,14,42100,40173,
P,14,40174,42252,
P,14,42101,40174,
P,14,40175,42253,
P,14,42102,40175,
P,14,40176,42255,
P,14,42106,40176,
P,14,40177,42256,
P,14,42107,40177,
P,13,40178,42259,
P,13,42111,40178,
P,13,40179,46837,
P,13,40180,46838,
P,13,42113,40180,
P,13,40610,46839,
P,13,42114,40610,
P,13,40613,46840,
P,13,42116,40613,
P,13,40698,46843,
P,13,42117,40698,
P,13,40702,46844,
P,13,42118,40702,
P,17,42119,46820,
P,17,46820,46845,
P,17,42120,46821,
P,17,46821,46846,
P,17,42122,46823,
P,17,46823,46857,
P,17,42124,46832,
P,17,46832,46858,
P,3,35006,35073,
P,16,42126,46833,
P,16,46833,46859,
P,16,42127,46834,
P,16,46834,46860,
P,16,42130,46835,
P,16,46835,46923,
P,16,42131,46836,
P,16,46836,48594,
P,16,42135,48588,
P,16,48588,48595,
P,16,48589,51385,
P,16,42146,49889,
P,16,49889,51386,
P,16,49890,56419,
P,16,42149,49900,
P,16,49900,56420,
P,15,42470,49901,
P,15,49901,56421,
P,15,42471,49908,
P,15,49908,56423,
P,15,42826,49909,
P,15,49909,56424,
P,15,42834,51753,
P,15,51753,56425,
P,15,44191,51754,
P,15,51754,56426,
P,15,44192,51770,
P,15,51770,56427,
P,15,44193,51772,
P,15,51772,56428,
P,15,44194,51777,
P,15,51777,56429,
P,15,45185,51778,
P,15,51778,56430,
P,15,45186,52220,
P,15,52220,56431,
P,15,47839,63689,
P,15,63689,56432,
P,14,47840,63690,
P,14,63690,56433,
P,14,49149,63692,
P,14,63692,56434,
P,14,49150,63693,
P,14,63693,56435,
P,14,49151,63694,
P,14,63694,56437,
P,14,49152,63695,
P,14,63695,56438,
P,14,51859,63702,
P,14,63702,56441,
P,14,51860,63703,
P,14,63703,56442,
P,14,51866,63704,
P,14,63704,56443,
P,14,51868,63705,
P,14,63705,56448,
P,14,51869,63706,
P,14,63706,56449,
P,14,51871,63707,
P,14,63707,56452,
P,14,51874,63708,
P,14,63708,56453,
P,14,51878,63709,
P,14,63709,56456,
P,14,52166,63710,
P,14,63710,56457,
P,14,52168,63711,
P,14,63711,56458,
P,14,52169,63712,
P,14,63712,56459,
P,14,52170,63713,
P,14,63713,56460,
P,14,52177,63714,
P,14,63714,56461,
P,14,52178,63715,
P,14,63715,56462,
P,13,52181,63716,
P,13,63716,56463,
P,13,52182,63717,
P,13,63717,56464,
P,13,52188,63718,
P,13,63718,56465,
P,13,52189,63719,
P,13,63719,56466,
P,15,52194,63722,
P,15,63722,56467,
P,17,52208,63723,
P,17,63723,56468,
P,17,52209,63724,
P,17,63724,56469,
P,17,52212,63725,
P,17,63725,56470,
P,17,52213,63730,
P,17,63730,56471,
P,17,52195,63731,
P,17,63731,56472,
P,17,52215,63736,
P,17,63736,56473,
P,17,52216,63737,
P,17,63737,56474,
P,17,52217,63738,
P,17,63738,56475,
P,13,52218,63739,
P,13,63739,56476,
P,13,52219,63748,
P,13,63748,56477,
P,13,52221,63749,
P,13,63749,56478,
P,13,52231,63750,
P,13,63750,56479,
P,13,52232,63751,
P,13,63751,56480,
P,13,52236,63752,
P,13,63752,56481,
P,13,52237,63753,
P,13,63753,56482,
P,13,52238,63754,
P,13,63754,56483,
P,13,52239,63755,
P,13,63755,56484,
P,13,52242,63766,
P,13,63766,56485,
P,4,35080,52882,
P,13,52243,63767,
P,13,63767,56486,
P,13,52244,63770,
P,13,63770,56487,
P,13,52245,63771,
P,13,63771,56488,
P,13,52254,63772,
P,13,63772,56489,
P,18,52255,63773,
P,18,63773,56490,
P,18,52264,63774,
P,18,63774,56491,
P,18,63775,56492,
P,18,52349,63776,
P,18,63776,56493,
P,10,35004,35007,
P,10,35004,35415,
P,10,35007,35415,
P,2,35238,35078,
P,2,35238,35239,
P,2,35239,35078,
P,18,52350,63777,
P,18,63777,56494,
P,18,55865,63778,
P,18,63778,56495,
P,15,55866,63779,
P,15,63779,56496,
P,15,58853,63780,
P,15,63780,56497,
P,15,58854,63781,
P,15,63781,56498,
P,18,58865,63782,
P,18,63782,56499,
P,18,58866,63783,
P,18,63783,56500,
P,18,58874,63784,
P,18,63784,56501,
P,18,58876,63785,
P,18,63785,56502,
P,18,63794,56503,
P,18,58878,63795,
P,18,63795,56504,
P,18,58887,63796,
P,18,63796,56505,
P,18,58888,63797,
P,18,63797,56506,
P,18,63798,56507,
P,18,58894,63799,
P,18,63799,56508,
P,18,58899,63800,
P,18,63800,56509,
P,16,58900,63801,
P,16,63801,56510,
P,16,58901,63804,
P,16,63804,56511,
P,16,58902,63805,
P,16,63805,56512,
P,16,58903,63806,
P,16,63806,56513,
P,15,58904,63807,
P,15,63807,56514,
P,15,58905,63808,
P,15,63808,56515,
P,15,58906,63809,
P,15,63809,56516,
P,15,61363,63818,
P,15,63818,56517,
P,15,61367,63819,
P,15,63819,56518,
P,15,63834,56519,
P,15,63862,63834,
P,15,63835,56520,
P,15,63863,63835,
P,15,63836,56521,
P,15,63864,63836,
P,15,63837,56524,
P,15,63865,63837,
P,15,63846,56525,
P,15,63866,63846,
P,15,63847,56526,
P,15,63867,63847,
P,18,63848,56527,
P,18,63868,63848,
P,18,63849,56529,
P,18,63869,63849,
P,18,63852,56530,
P,18,63870,63852,
P,18,63853,56532,
P,18,63854,56533,
P,18,63855,56534,
P,18,63873,63855,
P,18,63856,56535,
P,18,63874,63856,
P,18,63857,56536,
P,18,63875,63857,
P,18,63860,56537,
P,18,63876,63860,
P,18,63861,56538,
P,18,63877,63861,
P,18,63878,63888,
P,18,63888,56539,
P,18,63879,63889,
P,18,63889,56540,
P,14,63880,63896,
P,14,63896,56541,
P,14,63881,63897,
P,14,63897,56542,
P,14,63882,63898,
P,14,63898,56543,
P,16,63883,63907,
P,16,63907,56544,
P,16,63884,63908,
P,16,63908,56545,
P,14,63885,63909,
P,14,63909,56546,
P,15,63887,63910,
P,15,63910,56547,
